{
  "project_info": {
    "project_number": "104234516320",
    "project_id": "sale-c672f",
    "storage_bucket": "sale-c672f.appspot.com"
  },
  "client": [
    {
      "client_info": {
        "mobilesdk_app_id": "1:104234516320:android:984496edc11041c7fc6805",
        "android_client_info": {
          "package_name": "com.example.sale"
        }
      },
      "oauth_client": [
        {
          "client_id": "104234516320-d0dqeb6ecsn39h4d5jbd1v3its73cmcv.apps.googleusercontent.com",
          "client_type": 3
        }
      ],
      "api_key": [
        {
          "current_key": "AIzaSyAvogUKQ3ZH-Tyh2MzwNWHGp8ZR-rDsLZA"
        }
      ],
      "services": {
        "appinvite_service": {
          "other_platform_oauth_client": [
            {
              "client_id": "104234516320-d0dqeb6ecsn39h4d5jbd1v3its73cmcv.apps.googleusercontent.com",
              "client_type": 3
            }
          ]
        }
      }
    }
  ],
  "configuration_version": "1"
}